bytes,run1_out_busbw_GB_s,run2_out_busbw_GB_s,run3_out_busbw_GB_s,median_out_busbw_GB_s
1048576,11.22,11.38,12.26,11.38
2097152,18.09,18.54,18.46,18.46
4194304,24.93,25.17,24.76,24.93
8388608,28.86,28.67,29.05,28.86
16777216,31.21,30.41,31.95,31.21
33554432,32.36,32.65,32.88,32.65
67108864,35.88,36.03,36.17,36.03
134217728,38.52,38.62,38.2,38.52
268435456,40.33,40.33,40.25,40.33
536870912,41.43,41.67,41.53,41.53
1073741824,41.44,41.68,42.25,41.68
2147483648,40.73,42.94,42.57,42.57
4294967296,41.66,42.06,42.32,42.06
